{"cameraMode":{"drawMode":0,"name":"Shaded","section":"Shading Mode"},"sceneLighting":false,"audioPlay":false,"sceneViewState":{"m_AlwaysRefresh":false,"showFog":true,"showSkybox":false,"showFlares":true,"showImageEffects":true,"showParticleSystems":true,"showVisualEffectGraphs":true,"m_FxEnabled":true},"in2DMode":false,"pivot":{"x":0.09733843803405762,"y":2.492711305618286,"z":-0.10189223289489746},"rotation":{"x":-0.004213604144752026,"y":0.9476033449172974,"z":-0.31918731331825259,"w":-0.012510832399129868},"size":3.5112924575805666,"orthographic":false}