{"cameraMode":{"drawMode":0,"name":"Shaded","section":"Shading Mode"},"sceneLighting":false,"audioPlay":false,"sceneViewState":{"m_AlwaysRefresh":false,"showFog":true,"showSkybox":false,"showFlares":true,"showImageEffects":true,"showParticleSystems":true,"showVisualEffectGraphs":true,"m_FxEnabled":true},"in2DMode":false,"pivot":{"x":2.384185791015625e-7,"y":0.8647274374961853,"z":-0.005761921405792236},"rotation":{"x":0.12399230897426605,"y":0.8759965896606445,"z":-0.3321298360824585,"w":0.32702791690826418},"size":1.354169487953186,"orthographic":false}